Residue number,DDS
1,-0.013
2,-0.014
3,-0.013
4,-0.014
5,-0.011
6,-0.011
7,-0.01
8,-0.008
9,-0.006
10,-0.005
11,-0.004
12,-0.003
13,-0.003
14,-0.002
15,-0.002
16,-0.001
17,-0.0
18,-0.0
19,0.001
20,0.001
21,0.002
22,0.002
23,0.003
24,0.003
25,0.004
26,0.004
27,0.004
28,0.006
29,0.005
30,0.006
31,0.006
32,0.005
33,0.006
34,0.004
35,0.004
36,0.003
37,0.001
38,0.002
39,-0.0
40,0.0
41,0.002
42,0.001
43,0.002
44,0.002
45,0.001
46,0.001
47,0.002
48,0.001
49,-0.0
50,-0.001
51,-0.001
52,-0.001
53,-0.001
54,-0.001
55,-0.002
56,-0.001
57,-0.001
58,-0.002
59,-0.002
60,-0.002
61,-0.003
62,-0.003
63,-0.003
64,-0.003
65,-0.005
66,-0.005
67,-0.004
68,-0.006
69,-0.007
70,-0.007
71,-0.007
72,-0.008
73,-0.007
74,-0.009
75,-0.008
76,-0.008
77,-0.007
78,-0.005
79,-0.003
80,-0.002
81,-0.002
82,-0.001
83,0.0
84,0.0
85,-0.003
86,-0.0
87,-0.02
88,-0.066
89,-0.022
90,-0.009
91,0.008
92,0.003
93,-0.006
94,0.001
95,0.002
96,-0.002
97,-0.001
98,0.001
99,0.0
100,-0.0
101,-0.0
102,-0.0
103,-0.001
104,-0.001
105,-0.001
106,-0.001
107,-0.002
108,-0.002
109,-0.002
110,-0.001
111,-0.002
112,-0.002
113,-0.001
114,-0.001
115,-0.002
116,-0.001
117,0.0
118,-0.0
119,-0.001
120,-0.0
121,0.0
122,-0.0
123,-0.001
124,-0.0
125,-0.0
126,-0.0
127,-0.0
128,-0.0
129,-0.0
130,-0.0
131,-0.0
132,-0.0
133,0.001
134,0.0
135,0.0
136,0.001
137,0.001
138,0.001
139,0.001
140,0.002
141,0.005
142,0.006
143,0.014
144,0.023
145,0.038
146,0.054
147,0.048
148,0.045
149,0.019
150,-0.02
151,-0.012
152,-0.068
153,-0.097
154,-0.616
155,0.003
156,-0.006
157,-0.018
158,0.001
159,0.002
160,-0.003
161,-0.001
162,0.001
163,-0.001
164,-0.003
165,-0.002
166,-0.003
167,-0.005
168,-0.006
169,-0.005
170,-0.006
171,-0.004
172,-0.005
173,-0.005
174,-0.004
175,-0.004
176,-0.005
177,-0.004
178,-0.003
179,-0.003
180,-0.004
181,-0.002
182,-0.002
183,-0.001
184,-0.001
185,0.0
186,0.0
187,0.0
188,0.0
189,0.001
190,0.002
191,0.002
192,0.002
193,0.004
194,0.003
195,0.001
196,0.005
197,0.003
198,-0.004
199,-0.005
200,-0.016
